,id,title
0,1,game of thrones season 3
1,2,Running Man
2,3,dogs are great
3,4,assassination
4,5,game of thrones season 4
5,6,game of thrones season 5
6,7,game of thrones season 6
7,8,game of thrones season 7
8,9,game of thrones season 8
9,10,TV animal Farm
10,11,The story of the day when the tail was bitten
11,12,soft hair
12,13,( Subtitles ) Harry Potter and the Chamber of Secrets
13,14,"now , I'm breaking up"
14,15,Eat easy and gongchili
15,16,gentleman and lady
16,17,( Subtitles ) Harry Potter and the Sorcerer's Stone
17,18,I live alone
18,19,radio star
19,20,All butlers
20,21,Baek Jong-won's Alley Restaurant
21,22,game of blood
22,23,my ugly baby
23,24,mission possible
24,25,Bandage
25,26,Les Miserables : 25 anniversary special concert
26,27,temperature of love
27,28,SBS 8 news
28,29,one the woman
29,30,the day i died
30,31,"that winter , The Wind Blows"
31,32,descendants of the sun
32,33,Stove League
33,34,The troubled boy in the rooftop room
34,35,Arthur and Minimoy : my One The launch of the Tan Secret Expedition
35,36,I'll be your night
36,37,battleship
37,38,Friends with Love
38,39,Doctors
39,40,game of blood
40,41,what do you do when you play ?
41,42,I am SOLO
42,43,10 the secret of
43,44,Doll Singles 2
44,45,tanky box
45,46,documentary 3 One
46,47,model taxi
47,48,Slam Dunk Remastered
48,49,Infinite Challenge
49,50,The Soldiers
50,51,Manager Kim
51,52,swordsman
52,53,winner
53,54,sweet life
54,55,Omniscient Interference Point
55,56,family is out
56,57,X man 2
57,58,healing camp
58,59,spring night
59,60,those who hit the goal
60,61,Civilization : the last island
61,62,lord of the rings : ring expedition
62,63,lord of the rings : two towers
63,64,( Subtitles ) Harry Potter and the Half-Blood Prince
64,65,( Subtitles ) Harry Potter and the Prisoner of Azkaban
65,66,( Subtitles ) Harry Potter and the Goblet of Fire
66,67,( Subtitles ) Harry Potter and the Order of the Phoenix
67,68,(Subtitles ) Harry Potter and the Deathly Hallows - One wealth
68,69,Euphoria Special Part One
69,70,Nodame Cantabile final movement
70,71,band of bros
71,72,youth of the month
72,73,"These days, my child who is like a golden child"
73,74,confession couple
74,75,friends
75,76,You Hee-yeol's Sketchbook
76,77,0
